Title,Category
First Responder for Hurricane Milton Evacs,Information
"Current Hurricane Milton conditions in Progreso, YucatÃ¡n. Not too bad, just getting started.",Opinion
Hurricane Milton tracking from NOAA,Information
Hurricane Milton's pressure has raised to 910.9 mb (NOAA2 Mission #17 00:29Z OCT 09 2024),Information
Hurricane Agatha officially becomes the first East Pacific major hurricane of the season...,Information
MAGA Congressional Rep From Georgia Who Opposed Federal Hurricane Relief Funds...,No Category
I noticed that the trajectories of this year's hurricanes appear to be very similar...,Information
Does (2017) Hurricane Maria Not Get Talked On Anymore? ðŸ¤”,Opinion
I want to learn more about Hurricanes,No Category
"Hurricane Ian - Weâ€™re sitting in the garage, sipping cocktails...",Humor/Entertainment
"Current Hurricane Milton conditions in Progreso, YucatÃ¡n. Not too bad, just getting started.",Opinion
Hurricane Winds Guide,Information
Angry how gas prices aren't doubled for a hurricane certainly is a hot take,Opinion
What does an actual 1/1000 year hurricane look like now?,No Category
NOAA hurricane hunter says he's worried about destruction of Milton,Information
Rafael strengthens to a Category 1 hurricane,Information
Did the hurricane hunters record this thing at 180 again?,Information
Hurricane ðŸŒ€ milton daytona.,Opinion
"Why americans have to evacuate from hurricanes, but in Asia we just stay in our apartments?",Opinion
Kristy undergoes rapid intensification to become a Cat 3 Major Hurricane,Information
Got impatient with the amount of bad science floating around...,Opinion
Fuel for Hurricane Milton,Information
Digital billboard after Hurricane Milton,Opinion
Hurricane Milton 11am advisory,Information
I made this funny video with my meterologist friend where he reacts to a list of Hurricane Names that would get Floridians to evacuate!,Humor/Entertainment
NHC has now designated 92L a tropical depression while 93L (behind now 03L) is fueling...,Information
Hurricane Milton Mega-Thread,Information
"How 5 Hurricanes changed history, and how climate change will change our lives.",No Category
Hurricane Helene destroyed my house. What do I do now?,Opinion
"Hurricane Milton has qualified as a 1-in-1,000-year rainfall event in Floridaâ€™s Tampa Bay area!!!",Information
"Tropical storm Joyce has formed in the Atlantic, the 10th named storm of the season. Isaac has also strengthened into a hurricane.",Information
"Category 5 Hurricane Kristy, 24 October 2024",Information
Hurricane Milton,Information
Hurricane Milton 11am update,Information
Hurricane Helene now deadliest storm since Katrina.,Information
"If you are anywhere that might lose power during Hurricane Milton and have an Iphone, UPDATE to IOS 18.",Information
Hurricane Leslie likes us I think,Opinion
Does anyone remember Hurricane opal from 1995?,Opinion
DailyMail: Storm Ian strengthens to hurricane and will hit Tampa,Information
Capturing a Remnant of Hurricane Milton,Opinion
On August 1980 a strong hurricane name Allen was a category 5 hurricane in 1980 in the gulf of Mexico,Information
FL Developer built disaster proof neighborhood where homeowners pay no electric bill.Already survived two hurricanes.,Information
What is with hurricanes being stronger than expected?,No Category
"Hurricanes are getting so extreme that we now need a ""Category 6"" classification?",Opinion
At least 13 people have died after Hurricane Milton devastated portions of Florida...,Information
Hurricane Helene Complete Span,No Category
"Hurricane Rafael lashes Cuba, power grid collapse",Information
How a hurricane forms,No Category
Has a hurricane ever hit Texas and Florida as a major storm?,No Category
"Hurricane Milton Live Quad Cam - Florida Keys, Fort Myers, Sarasota, and Tampa",Information
Hurricane Milton's winds will cover an area of over 1 million square miles,Information
Florida man who strapped home down with hooks and plastic survives hurricane,Information
I am so sad! Hurricane coming ðŸŒ€ðŸŒ€ðŸŒ€,Opinion
"Category 5 Hurricane Kristy, 24 October 2024",Information
Today marks the start of the 2023 Atlantic Hurricane Season...,Information
Duke energy and Hurricane Helene,No Category
From a potential tropical cyclone to a hurricane in only 6 hours,Information
"Hurricane Milton live stream Ft Myers, Fl",Opinion
Hurricane Idalia possible Category 4 at landfall.,Information
Hurricane Milton dips to Category 3 as it heads for Florida landfall,Information
Beryl weakens to a high end Category 4 hurricane and is expected to continue on this weakening trend...,Information
Power Outages by County from Hurricane Helene,Information
How Long Does The Effect of Hurricanes Last on Latent Heat Availability?,No Category
Hurricane Heleneâ€™s Death Toll Tops 70,Information
Leslie expected to become a major hurricane,Information
Location of US Hurricane Strikes (1950-2017),Information
Hurricane ðŸŒ€ milton daytona.,Information
What happens to prisoners in an emergency situation like Hurricane Milton?,Opinion
2024 becomes the 11th hyperactive hurricane season in the satellite era (1966 onwards),Information
Hurricane Milton Has Exceeded Everyone Expectations...,Information
"Hurricane Sally Dauphin Island, AL //Strong Rain Bands Waves Hit Causeway 09/15 /2020",Information
Hurricane Milton is a Category 5. Florida orders evacuations and scrambles to clear Helene's debris,Information
"On August 8, NOAA updated its 2024 Atlantic Hurricane Season Outlook...",Information
Climate change and hurricanes,Information
Major Hurricane Milton Minimum Central Pressure Is Up From 909mb to 915mb...,Information
Hurricane Ian Damage Part 1,Information
Anyone know where hurricane beryl currently is,Information
Hurricane Helene's Death Toll Reaches 65+,Information
Beryl unexpectedly re-strengthens into a major hurricane despite present shear...,Information
Puerto de Progreso inundated by hurricane Milton,Opinion
Hurricane Milton Has Exceeded Everyone Expectations...,Information
Hurricane: Cooler? 30 Miles out?,Opinion
Kristy in Eastern Pacific expected to become a Major Hurricane!,Information
"Hurricane Ian - Weâ€™re sitting in the garage, sipping cocktails, next to the chickens, watching the wind like true Floridian rednecks.",Humor/Entertainment
"Russia amplified hurricane disinformation to drive Americans apart, researchers find",Information
Great idea for dogs during hurricane season! They won't get confused this way!,Humor/Entertainment
I want to learn more about Hurricanes,No Category
Hurricane Maria. Will it be a Category 6 hurricane?,Information
Hurricane center has been activated in second life.,Information
What has been the worse hurricane to occur in October?,Opinion
Will the Atlantic ever have a category 6 hurricane?,Opinion
How similar is hurricane research to weather research?,Information
What are your go to sources for hurricane information?,Information
150 mph wind gust recorded on Lake Pontchartrain in the eye wall of Hurricane Helene,Information
When was the last time the USA had two hurricane landfalls within the same week?,Information
How do animals survive hurricanes?,Opinion
Whatâ€™s going on with hurricane Tammy?,Opinion
2024 is likely going to be the worst hurricane season on record.,Opinion
Hurricane:  Cooler?  30 Miles out?    ,Opinion
Climate change and hurricanes ,Information
Hurricane ?? milton daytona. ,Opinion
NOAA hurricane hunter says he's worried about destruction of Milton -,Information
Climate change and hurricanes ,Information
NOAA hurricane hunter says he's worried about destruction of Milton -,Information
Hurricane Winds Guide ,Information
Hurricane Winds Guide ,Information
On August 1980 a strong hurricane name Allen was a category 5 hurricane in 1980 in the gulf of Mexico ,Information
Kristy undergoes rapid intensification to become a Cat 3 Major Hurricane ,Information
I want to learn more about Hurricanes ,No Category
Puerto de Progreso inundated by hurricane Milton ,Opinion
Hurricane milton ,Information
"Current Hurricane Milton conditions in Progreso, Yucatán. Not too bad, just getting started. ",Opinion
hurricane milton,Information
Kristy undergoes rapid intensification to become a Cat 3 Major Hurricane ,Information
I want to learn more about Hurricanes ,No Category
Puerto de Progreso inundated by hurricane Milton ,Opinion
"Current Hurricane Milton conditions in Progreso, Yucatán. Not too bad, just getting started. ",Opinion
Hurricane Milton ,Information
Puerto de Progreso inundated by hurricane Milton ,Opinion
"Current Hurricane Milton conditions in Progreso, Yucatán. Not too bad, just getting started. ",Opinion
Hurricane Helene destroyed my house. What do I do now? ,Opinion
I want to learn more about Hurricanes ,No Category
"How 5 Hurricanes changed history, and how climate change will change our lives. | Laura 2020",No Category
"NHC has now designated 92L a tropical depression while 93L (behind now 03L) is fueling, NHC advisory has it strengthening into a Hurricane in the Caribbean.",Information
"Hurricane Agatha officially becomes the first East Pacific major hurricane of the season, and strongest East Pacific hurricane in May in recorded history",Information
MAGA Congressional Rep From Georgia Who Opposed Federal Hurricane Relief Funds Last Week is Desperately Asking For Federal Hurricane Relief Funds This Week,No Category
Beryl weakens to a high end Category 4 hurricane and is expected to continue on this weakening trend as it begins to enter the Caribbean Graveyard.,Information
"If you are anywhere that might lose power during Hurricane Milton and have an Iphone, UPDATE to IOS 18. There is an SOS radar feature that you may need!",Information
Tornado Damage from Hurricane Ian,Information
Hurricane tracking,Information
"Beryl unexpectedly re-strengthens into a major hurricane despite present shear, although it should weaken back soon. Hurricane landfall is expected between the Mexico - Texas border.",Information
Hurricane Helene Death Toll,Information
"At least 13 people have died after Hurricane Milton devastated portions of Florida, leaving residents waking up to survey the damage.",Information
Major Hurricane Milton Minimum Central Pressure Is Up From 909mb to 915mb Due To The Undergoing Eyewall Replacement Cycle In The Past Hour.,Information
Mega Hurricane,Information
hurricane ian,Information
Rafael now a Category 3 Major Hurricane,Information
Hurricane’s energy ,No Category
Hurricane Milton live stream?,Opinion
Milton is now a Category 3 Hurricane. ,Opinion
"Major Hurricane Milton Is Undergoing An Eyewall Replacement Cycle, The Minimum Central Pressure Is 909mb Now Which Is 12mb Up From The Lowest Minimum Central Pressure Point Of 897mb An Hour Ago.",Information
Hurricane Kristy now category 4,Information
How many miles across is hurricane Milton?,Opinion
"Today marks the start of the 2023 Atlantic Hurricane Season, we expect a near average season however it could end up with a different outcome but we will never know. 91L now has a high chance of forming at 70%",Information
Winds of Hurricane Milton ,Information
People In Hurricane Milton or anyone who's been in a Hurricane.,Information
"hurricane damage, what to do if destroyed?",Opinion
Hurricane Milton Has Exceeded Everyone Expectations... (Now A Catastrophic Category 4 Hurricane With Max Sustained Winds Of 150mph And Pressure Of 940mb),Information
Hurricane Tammy possible tracks,Opinion
Hurricane Milton Tampa bay area (record),Information
Four ways climate change likely made Hurricane Helene worse,Information
Hurricane Idalia Is Getting Stronger Now Category 2,Information
Recon Found Major Hurricane Milton Minimum Central Pressure Of 898mb right now.,Information
2023 Hypothetical Atlantic Hurricane Season,Information
Tropical Cyclone Milton Rapidly Intensified Into A Major Category 5 Hurricane In Just 24 Hours.,Information
Hurricane Beryl,Information
Another hurricane coming in Florida after Ian?,Opinion
"I noticed that the trajectories of this year's hurricanes appear to be very similar and ""ordered"" compared to previous years where the different paths seemed to be way more chaotic. Is there a particular underlying meteorological reason for this phenomenom or is it just random variance?",Information
Tracking Cat 5 Hurricane Beryl,Information
Hurricane Lee is officially the first category 5 of the 2023 Atlantic Hurricane Season.,Opinion
